Objective,Strategy,V_Biomas,V_Chem
Biomas,['MDH2'],0.1881450384734071,0.06279096072640221
Chemical,['MDH2'],0.09407251919334099,9.408977206852732
